Country Name,Country Code,"Stocks, Transactions, and Other Flows Name","Stocks, Transactions, and Other Flows Code",Sector Name,Sector Code,Unit Name,Unit Code,Residence Name,Residence Code,Instrument and Assets Classification Name,Instrument and Assets Classification Code,Attribute,1972,1973,1974,1975,1976,1977,1978,1979,1980,1981,1982,1983,1984,1985,1986,1987,1988,1989,1990,1991,1992,1993,1994,1995,1996,1997,1998,1999,2000,2001,2002,2003,2004,2005,2006,2007,2008,2009,2010,2011,2012,2013,2014,2015,2016,2017,2018,2019,2020,Indicator Code,Global DSD Time Series Code,Unnamed: 64
"Afghanistan, Islamic Rep. of",512,Net incurrence of liabilities,G33,Budgetary central government,S1311B,Domestic currency,XDC,Total,W0|S1,Total financial assets/liabilities ,F,Value,,,,,,,,,,,,,,,,,,,,,,,,,,,,,,,,4586693049.36675,9969230676.18,5672711734.70811,9728024059.3,11301270416.44,10905274567.62,7713152426.5,7124797980.56,14473624208.2,28741461239.47,-25038124026,2608103978.81,5434575673.55,2377516045.48,5169227967.17,,,,GADL_T_G14_XDC,A|AF|S1311B|W0|S1|G33|F|_Z|_Z|XDC|_T|_X,
Albania,914,Net incurrence of liabilities,G33,Budgetary central government,S1311B,Domestic currency,XDC,Total,W0|S1,Total financial assets/liabilities ,F,Value,,,,,,,,,,,,,,,,,,,,,,,,21367000000,35715807000,44093370000,43181270000,,,,,,,,,,,,,52295060000,56283260000,80113980000,46757790000,48044580000,44842950000,43153780000,56017360000,16195440000,,GADL_T_G14_XDC,A|AL|S1311B|W0|S1|G33|F|_Z|_Z|XDC|_T|_X,
Algeria,612,Net incurrence of liabilities,G33,Budgetary central government,S1311B,Domestic currency,XDC,Total,W0|S1,Total financial assets/liabilities ,F,Value,,,,,,,,,,,,,,,,,,,,,,,21353000000,24292000000,-77312000000,,,,-78705999999.9999,-74700000000,7099999999.99999,-101179000000,116148000000,32618000000,41130000000,-587770000000,119300000000,601895092399.14,602500000000,493844000000,,,,,,,,,,GADL_T_G14_XDC,A|DZ|S1311B|W0|S1|G33|F|_Z|_Z|XDC|_T|_X,
Angola,614,Net incurrence of liabilities,G33,Budgetary central government,S1311B,Domestic currency,XDC,Total,W0|S1,Total financial assets/liabilities ,F,Value,,,,,,,,,,,,,,,,,,,,,,,,,,,,-159297522.8,-14203183393,-8644066654,8821800614,156854000000,-4487850702,2882989485,-42184247156,129640000000,79440044054,106046000000,-196356000000,-175316000000,-172170000000,364325000000,762192761082.06,928198990072.259,3263299826654.83,4137992887233.07,,,,GADL_T_G14_XDC,A|AO|S1311B|W0|S1|G33|F|_Z|_Z|XDC|_T|_X,
Anguilla,312,Net incurrence of liabilities,G33,Budgetary central government,S1311B,Domestic currency,XDC,Total,W0|S1,Total financial assets/liabilities ,F,Value,,,,,,,,,,,,,,,,,,,,,,,,,,,,,10761562,10106984,-592718.999999999,-5678186,25226762.44,15997497.14,-30576754,34346455,29742632,59520290,-62941810,-7512200.92,-7593354.48,-9187559.71000001,-9571119.72999999,,,,,,,GADL_T_G14_XDC,A|AI|S1311B|W0|S1|G33|F|_Z|_Z|XDC|_T|_X,
Antigua and Barbuda,311,Net incurrence of liabilities,G33,Budgetary central government,S1311B,Domestic currency,XDC,Total,W0|S1,Total financial assets/liabilities ,F,Value,,,,,,,,,,,,,,,,,,,,,,,,,,,,,119223253,181603850,214301617,132773906,51253726,-472747810,8557970.99999998,123074148.6,292419928,308443497.77,-1201749820,75015559.67,-73453624.93,35427424.37,-43615409.589,,,,,,,GADL_T_G14_XDC,A|AG|S1311B|W0|S1|G33|F|_Z|_Z|XDC|_T|_X,
Argentina,213,Net incurrence of liabilities,G33,Budgetary central government,S1311B,Domestic currency,XDC,Total,W0|S1,Total financial assets/liabilities ,F,Value,,,,,,,,,,,,,,,,,,,,,,,,,,,,,,,8483700000,22510887550.17,8626976083.82,,,,,,,,,,224816400000,243477800000,676976700000,841526300000,1666244200000,241094384070.68,,GADL_T_G14_XDC,A|AR|S1311B|W0|S1|G33|F|_Z|_Z|XDC|_T|_X,
"Armenia, Rep. of",911,Net incurrence of liabilities,G33,Budgetary central government,S1311B,Domestic currency,XDC,Total,W0|S1,Total financial assets/liabilities ,F,Value,,,,,,,,,,,,,,,,,,,,,,,,,,,,,,,,40341527711,40451169082.8,19585134863.48,33090017639,64710507852,68759800717,431534439390,124711826400,106778415383.56,119791000000,143224423671.8,83764546590,316804633570,409387352290,278726925500,203175860643.1,233780383970.237,,GADL_T_G14_XDC,A|AM|S1311B|W0|S1|G33|F|_Z|_Z|XDC|_T|_X,
Australia,193,Net incurrence of liabilities,G33,Budgetary central government,S1311B,Domestic currency,XDC,Total,W0|S1,Total financial assets/liabilities ,F,Value,,,,,,,,,,,,,,,,,,,,,,,,,,,,,,,,,,805000000,-1525000000,1255000000,3037000000,56303000000,51711000000,53441000000,51589000000,36657000000,58871000000,60893000000,58739000000,89438000000,28706000000,17503000000,,GADL_T_G14_XDC,A|AU|S1311B|W0|S1|G33|F|_Z|_Z|XDC|_T|_X,
Austria,122,Net incurrence of liabilities,G33,Budgetary central government,S1311B,Domestic currency,XDC,Total,W0|S1,Total financial assets/liabilities ,F,Value,,,,,,,,,,,,,,,,,,,4528971025.34102,5592174589.2168,3523179000.45784,6747672652.48577,8689490781.45099,,,,,,,,,,,,,,,,,,,,,,,,,,,GADL_T_G14_XDC,A|AT|S1311B|W0|S1|G33|F|_Z|_Z|XDC|_T|_X,
"Azerbaijan, Rep. of",912,Net incurrence of liabilities,G33,Budgetary central government,S1311B,Domestic currency,XDC,Total,W0|S1,Total financial assets/liabilities ,F,Value,,,,,,,,,,,,,,,,,,,,,,,,,,,,,,,,,,,,,-6300000,-126000000,53200000,-282600000,-76300000,-940700000,705500000,-530500000,-1187100000,-1158800000,-1641100000,-1123000000,,GADL_T_G14_XDC,A|AZ|S1311B|W0|S1|G33|F|_Z|_Z|XDC|_T|_X,
"Bahamas, The",313,Net incurrence of liabilities,G33,Budgetary central government,S1311B,Domestic currency,XDC,Total,W0|S1,Total financial assets/liabilities ,F,Value,,,,,,,,,,,,,,,,,,,96900000,105100000,73200000,84400000,50500000,14600000,79400000,149602000,69817000,48918000,22300000,73000000,145600000,226500000,206352000,178029000,192649000,273410000,260000000,392994000,316250000,153647000,351132000,781292000,467543000,506247000,344196000,580306685.68,684380392.327525,293052665.69,,GADL_T_G14_XDC,A|BS|S1311B|W0|S1|G33|F|_Z|_Z|XDC|_T|_X,
"Bahrain, Kingdom of",419,Net incurrence of liabilities,G33,Budgetary central government,S1311B,Domestic currency,XDC,Total,W0|S1,Total financial assets/liabilities ,F,Value,,,,,,,,,,,,,,,,,,,2799999.99999999,167900000,158900000,41200000,129200000,63500000,110700000,68800000,92400000,165400000,165400000,26900000,-54600000,133900000,-191900000,-260000,43550000,134930000,166480000,664090000,1021130000,820813649.8,644349616.82,1293340000,252200000,1739000000,1560800000,1875000000,1724000000,1353000000,,GADL_T_G14_XDC,A|BH|S1311B|W0|S1|G33|F|_Z|_Z|XDC|_T|_X,
Bangladesh,513,Net incurrence of liabilities,G33,Budgetary central government,S1311B,Domestic currency,XDC,Total,W0|S1,Total financial assets/liabilities ,F,Value,,,,,,,,,,,,,,,,,,,,,,,,,,,,,,113788250000,84222810000,79362340000,105975930000,127559711000,154108583000,138858005000,288004699000,215052847000,223867513000,328414200000,341849900000,399159900000,421579600000,562302600000,636980000000,,,,,GADL_T_G14_XDC,A|BD|S1311B|W0|S1|G33|F|_Z|_Z|XDC|_T|_X,
Barbados,316,Net incurrence of liabilities,G33,Budgetary central government,S1311B,Domestic currency,XDC,Total,W0|S1,Total financial assets/liabilities ,F,Value,,,,,,,,,,,,,,,,,,,,,,,,,,,,,,,,66842000,,243522000,90592075.91,1064292431,642711695,958055091,917475438,672447699,1064638560,877257957,930408918,999907560,464422181,,,,,GADL_T_G14_XDC,A|BB|S1311B|W0|S1|G33|F|_Z|_Z|XDC|_T|_X,
"Belarus, Rep. of",913,Net incurrence of liabilities,G33,Budgetary central government,S1311B,Domestic currency,XDC,Total,W0|S1,Total financial assets/liabilities ,F,Value,,,,,,,,,,,,,,,,,,,,,320,4840,91020,312100,387110,952750,803340,1348380,,12410000,12397000,45846130,55908200,104500900,99111400,336931100,465002058.4,966890097.56257,422928218.1875,2400790000,391930000,183983000,185056720,-437648954.52,-24572219.9,2152596415,243082839.9,426979364.7,,GADL_T_G14_XDC,A|BY|S1311B|W0|S1|G33|F|_Z|_Z|XDC|_T|_X,
Belgium,124,Net incurrence of liabilities,G33,Budgetary central government,S1311B,Domestic currency,XDC,Total,W0|S1,Total financial assets/liabilities ,F,Value,,,,,,,,,,,,,,,,,,,9038197913.23231,13401123949.2413,12689669533.1421,14060520725.1381,5148748509.54018,,,,,,,,,,,,,,,,,,,,,,,,,,,GADL_T_G14_XDC,A|BE|S1311B|W0|S1|G33|F|_Z|_Z|XDC|_T|_X,
Belize,339,Net incurrence of liabilities,G33,Budgetary central government,S1311B,Domestic currency,XDC,Total,W0|S1,Total financial assets/liabilities ,F,Value,,,,,,,,,,,,,,,,,,,18854000,23201000,55885000,55693000,35304000,38048000,56897000,-951000,10736000,47987000,201577000,85219000,136280000,219676000,363923000,-185318000,56649000,39695000,-15352000,19875000,102289000,63644000,,,,,,,,,,GADL_T_G14_XDC,A|BZ|S1311B|W0|S1|G33|F|_Z|_Z|XDC|_T|_X,
Benin,638,Net incurrence of liabilities,G33,Budgetary central government,S1311B,Domestic currency,XDC,Total,W0|S1,Total financial assets/liabilities ,F,Value,,,,,,,,,,,,,,,,,,,,,,,,,,,,,,-3996076090,10272003511,32187000000,-11520000000,,35460733000,77381078300,195513814420,189975650088,90192171631,133506866004.598,80828197113.8131,161000000000,,,,,,,,GADL_T_G14_XDC,A|BJ|S1311B|W0|S1|G33|F|_Z|_Z|XDC|_T|_X,
Bhutan,514,Net incurrence of liabilities,G33,Budgetary central government,S1311B,Domestic currency,XDC,Total,W0|S1,Total financial assets/liabilities ,F,Value,,,,,,,,,,,16600000,26900000,-20500000,205300000,95000000,,199200000,470600000,390000000,47000000,245900000,-311400000,46600000,-4200000,-239800000,299898000,-147800000,308900000,768900000,2540648000,1181401000,2895691000,-556304000,2492438000,215476000,354845000,-1319205000,-1218709000,192542000,509203000,-1216775317,484096000,-704151000,20608321822.1065,29363972454.16,17877066775.3384,11376443311.7,,,GADL_T_G14_XDC,A|BT|S1311B|W0|S1|G33|F|_Z|_Z|XDC|_T|_X,
Bolivia,218,Net incurrence of liabilities,G33,Budgetary central government,S1311B,Domestic currency,XDC,Total,W0|S1,Total financial assets/liabilities ,F,Value,,,,,,,,,,,,,,,,,,,33500000,-218400000,-12000000,248300000,-202400000,-82200000,644900000,1382800000,1449700000,1291900000,1595300000,3811150000,3781426633.94,5491907679.1,5026500000,3043163205.14,-9228161177.53,272738352.58,,,,,,,,,,,,,,GADL_T_G14_XDC,A|BO|S1311B|W0|S1|G33|F|_Z|_Z|XDC|_T|_X,
Bosnia and Herzegovina,963,Net incurrence of liabilities,G33,Budgetary central government,S1311B,Domestic currency,XDC,Total,W0|S1,Total financial assets/liabilities ,F,Value,,,,,,,,,,,,,,,,,,,,,,,,,,,,,,,,153134193.9,122434469.41,115014852.83,-66627137.13,74137540.4500001,422186364.103,1146585420.06376,444244649.951,342137989.7,714967603.5,467085132.4,920427281.540925,75431428.9413542,226971329.296941,-831450033.375275,-115866192.86059,379695868.56844,,GADL_T_G14_XDC,A|BA|S1311B|W0|S1|G33|F|_Z|_Z|XDC|_T|_X,
Botswana,616,Net incurrence of liabilities,G33,Budgetary central government,S1311B,Domestic currency,XDC,Total,W0|S1,Total financial assets/liabilities ,F,Value,,,,,,,,,,,,,,,,,,,-50920000,176400000,-57200000,163600000,12500000,-18200000,101500000,,,,,,,,,,-578670000,211410000,88510000.0000001,5189640000,4462310000,387129999.999999,-2450730000,1521070000,1005390000,-2491367000,-4776360000,1106876183,-1458530000,1277650000,,GADL_T_G14_XDC,A|BW|S1311B|W0|S1|G33|F|_Z|_Z|XDC|_T|_X,
Brazil,223,Net incurrence of liabilities,G33,Budgetary central government,S1311B,Domestic currency,XDC,Total,W0|S1,Total financial assets/liabilities ,F,Value,,,,,,,,,,,,,,,,,,,,,,,,,,,,,,,,,,,,,,,253712888518.243,199434031337.825,272629008783.485,154238953600.414,313641591079.06,543394938846.2,533801742242.227,552482041350.95,423539821128.119,478412686140.685,,GADL_T_G14_XDC,A|BR|S1311B|W0|S1|G33|F|_Z|_Z|XDC|_T|_X,
Bulgaria,918,Net incurrence of liabilities,G33,Budgetary central government,S1311B,Domestic currency,XDC,Total,W0|S1,Total financial assets/liabilities ,F,Value,,,,,,,,,,,,,,,,,,,2852000,4464000,11480000,34462000,41748000,,,,,,,,,,,,,,,,,,,,,,,,,,,GADL_T_G14_XDC,A|BG|S1311B|W0|S1|G33|F|_Z|_Z|XDC|_T|_X,
Burkina Faso,748,Net incurrence of liabilities,G33,Budgetary central government,S1311B,Domestic currency,XDC,Total,W0|S1,Total financial assets/liabilities ,F,Value,,,,,,,,,,,,,,,,,,,,,,,,,,,,,,,107534203805,56507776725.7,115427593920,146829261164,161762669900,321049700174,78787253282.5878,268430760275.6,219518000000,117173000000,260226000000,168081000000,187927499900.044,73315354350.7992,342400000000,473994050596.272,330143430695.322,246005671177.369,,GADL_T_G14_XDC,A|BF|S1311B|W0|S1|G33|F|_Z|_Z|XDC|_T|_X,
Burundi,618,Net incurrence of liabilities,G33,Budgetary central government,S1311B,Domestic currency,XDC,Total,W0|S1,Total financial assets/liabilities ,F,Value,,,,,,,,,,,,,,,,,,,,,,,,,,,,,,,,,,,,,,,282524000000,20100000000,4529430400,242319000000,,,,,,,,GADL_T_G14_XDC,A|BI|S1311B|W0|S1|G33|F|_Z|_Z|XDC|_T|_X,
Cabo Verde,624,Net incurrence of liabilities,G33,Budgetary central government,S1311B,Domestic currency,XDC,Total,W0|S1,Total financial assets/liabilities ,F,Value,,,,,,,,,,,,,,,,,,,,,,,,,,,,,,,,,,5755400000,3309788083.77867,1579747697,1114716969.19194,8978491057,17920890609.0458,16711103217,19299143364.849,21593655420.4665,18323653663.1926,13931233458.4589,9175225318.54255,7265154856.6716,8406926763.62812,10199501329.6243,,GADL_T_G14_XDC,A|CV|S1311B|W0|S1|G33|F|_Z|_Z|XDC|_T|_X,
Cambodia,522,Net incurrence of liabilities,G33,Budgetary central government,S1311B,Domestic currency,XDC,Total,W0|S1,Total financial assets/liabilities ,F,Value,,,,,,,,,,,,,,,,,,,,,,,,,,,,,,,565829403086,746651353322.77,451680976613.96,137329235981.42,541174441024.62,1578322000000,1176877244208.74,1083679447050.2,1511602691309.07,2061323838452.9,463385000000,1763557900000,2461888544647.09,2248577640199.6,1888898570074.16,1768262580498.51,1876835900000,2483817500000,,GADL_T_G14_XDC,A|KH|S1311B|W0|S1|G33|F|_Z|_Z|XDC|_T|_X,
Cameroon,622,Net incurrence of liabilities,G33,Budgetary central government,S1311B,Domestic currency,XDC,Total,W0|S1,Total financial assets/liabilities ,F,Value,,,,,,,,,,,,,,,,,,,,142620000000,74430000000,35210000000,99190000000,-8250000000,,,,,,,,,,,,,,,,,370766400000,560931000000,555700000000,907300000000,521400000000,1102800000000,306783372820.478,,,GADL_T_G14_XDC,A|CM|S1311B|W0|S1|G33|F|_Z|_Z|XDC|_T|_X,
Central African Rep.,626,Net incurrence of liabilities,G33,Budgetary central government,S1311B,Domestic currency,XDC,Total,W0|S1,Total financial assets/liabilities ,F,Value,,,,,,,,,,,,,,,,,,,,,,,,,,,,,,,,,9440000000,,,,10819174672,,,,,,-2035152373.23302,4999393232.00001,11570478462,-2368563221.00001,-3785303995.99999,,,GADL_T_G14_XDC,A|CF|S1311B|W0|S1|G33|F|_Z|_Z|XDC|_T|_X,
Chile,228,Net incurrence of liabilities,G33,Budgetary central government,S1311B,Domestic currency,XDC,Total,W0|S1,Total financial assets/liabilities ,F,Value,,,,,,,,,,,,,,,,,,,,,,,,,,,,,,,,,,-1968000000000,-1796000000000,-1484490000000,-825630000000,100470000000,2485329945730,1961693000000,386682922130.32,20890000000,2405879835252.48,2903378187426.19,5535706241070,5456886000000,3217549990886.02,4248410911311.08,,GADL_T_G14_XDC,A|CL|S1311B|W0|S1|G33|F|_Z|_Z|XDC|_T|_X,
"China, P.R.: Macao",546,Net incurrence of liabilities,G33,Budgetary central government,S1311B,Domestic currency,XDC,Total,W0|S1,Total financial assets/liabilities ,F,Value,,,,,,,,,,,,,,,,,,,,,,,,,,,,0,0,0,0,0,0,0,0,0,0,0,0,0,0,0,0,0,0,0,0,0,,GADL_T_G14_XDC,A|MO|S1311B|W0|S1|G33|F|_Z|_Z|XDC|_T|_X,
"China, P.R.: Mainland",924,Net incurrence of liabilities,G33,Budgetary central government,S1311B,Domestic currency,XDC,Total,W0|S1,Total financial assets/liabilities ,F,Value,,,,,,,,,,,,,,,,,,,,,,,,,,,,,418010000000,,,319900000000,319180000000,299950000000,240100000000,1705900000000,119690000000,696614000000,731043000000,449640000000,552100000000,918121000000,890853999999.999,1094414000000,1346716000000,1470341000000,1483725000000,,,GADL_T_G14_XDC,A|CN|S1311B|W0|S1|G33|F|_Z|_Z|XDC|_T|_X,
Colombia,233,Net incurrence of liabilities,G33,Budgetary central government,S1311B,Domestic currency,XDC,Total,W0|S1,Total financial assets/liabilities ,F,Value,,,,,,,,,,,,,,,,,,,,,,,624000000000,2899000000000,3059000000000,7145000000000,7410500000000,11512626100000,9687328000000,17695900000000,24379760000000,17354179624308.8,12151157387000,13235900000000,35964787773000,2111679058000,12838511000000,20187570000000,37112572000000,-24630682000000,19926254000000,42632012000000,30143222734489,28830281545632.4,53371570012000,23816909411281.2,39194449332661.6,25786617336240.2,,GADL_T_G14_XDC,A|CO|S1311B|W0|S1|G33|F|_Z|_Z|XDC|_T|_X,
"Congo, Dem. Rep. of the",636,Net incurrence of liabilities,G33,Budgetary central government,S1311B,Domestic currency,XDC,Total,W0|S1,Total financial assets/liabilities ,F,Value,,,,,,,,,,,,,,,,,,,126687,6393333.33333333,266445333.333333,3706513666.66667,122781000,-8000000,,6291000000,,,12061000000,-940000000,-11453058817.9,7120412568.23999,-64203950786.6256,6754927669.95183,-2434644516.13397,8200464854.37401,33438462744.435,-47638540458.0213,97584000000,,6926221304.67001,35928553873.28,-94279649122.3,-8414126849.67002,-81055577452.85,-64070479465.46,314790479204.31,,,GADL_T_G14_XDC,A|CD|S1311B|W0|S1|G33|F|_Z|_Z|XDC|_T|_X,
"Congo, Rep. of",634,Net incurrence of liabilities,G33,Budgetary central government,S1311B,Domestic currency,XDC,Total,W0|S1,Total financial assets/liabilities ,F,Value,,,,,,,,,,,,,,,,,,,,,,,,,,,,,,,,,203968000000,183546000000,-292727000000,-421720000000,-746674000000,-232642000000,-1430040000000,-6199999999.99999,513300000000,210100000000,439400000000,787200000000,701475900000,166700000000,-618200000000,,,GADL_T_G14_XDC,A|CG|S1311B|W0|S1|G33|F|_Z|_Z|XDC|_T|_X,
Cook Islands,815,Net incurrence of liabilities,G33,Budgetary central government,S1311B,Domestic currency,XDC,Total,W0|S1,Total financial assets/liabilities ,F,Value,,,,,,,,,,,,,,,,,,,,,,,,,,,,,,,,,,,,,,,,,,,,31487000,13076128,-13133273,27729000,34033857.1628231,,GADL_T_G14_XDC,A|CK|S1311B|W0|S1|G33|F|_Z|_Z|XDC|_T|_X,
Costa Rica,238,Net incurrence of liabilities,G33,Budgetary central government,S1311B,Domestic currency,XDC,Total,W0|S1,Total financial assets/liabilities ,F,Value,,,,,,,,,,,,,,,,,,,,,,,,,,,,,,,,,,,424800000000,283000000000,-323923441927.94,657735741204.28,1210487578078.15,826268960000,1479298610000,1211640000000,1600053970660,1652265786259.88,2078142746176.34,2286704077341.69,2498043713807.91,2561770208125.15,,GADL_T_G14_XDC,A|CR|S1311B|W0|S1|G33|F|_Z|_Z|XDC|_T|_X,
CÃ´te d'Ivoire,662,Net incurrence of liabilities,G33,Budgetary central government,S1311B,Domestic currency,XDC,Total,W0|S1,Total financial assets/liabilities ,F,Value,,,,,,,,,,,,,,,,,,,,,,,,145400000000,,,,,,,,263300000000,126900000000,143100000000,,85000000000,-700000000.000017,-40549200000,295964000000,699175000000,244597000000,550296000000,686245000000,868000000000,814133000000,1323419554000,1158277214661.52,1092925530385.62,,GADL_T_G14_XDC,A|CI|S1311B|W0|S1|G33|F|_Z|_Z|XDC|_T|_X,
"Croatia, Rep. of",960,Net incurrence of liabilities,G33,Budgetary central government,S1311B,Domestic currency,XDC,Total,W0|S1,Total financial assets/liabilities ,F,Value,,,,,,,,,,,,,,,,,,,,-2690000,-23500000,-716870000,-1996290000,,,,,,,,,,,,,,,,,,,,,,,,,,,GADL_T_G14_XDC,A|HR|S1311B|W0|S1|G33|F|_Z|_Z|XDC|_T|_X,
Cyprus,423,Net incurrence of liabilities,G33,Budgetary central government,S1311B,Domestic currency,XDC,Total,W0|S1,Total financial assets/liabilities ,F,Value,,,,,,,,,,,,,,,,,,,294972952.839183,418385234.949784,440665397.74533,334424560.120559,266712684.998821,,,,,,,,,,,,,,,,,,,,,,,,,,,GADL_T_G14_XDC,A|CY|S1311B|W0|S1|G33|F|_Z|_Z|XDC|_T|_X,
Czech Rep.,935,Net incurrence of liabilities,G33,Budgetary central government,S1311B,Domestic currency,XDC,Total,W0|S1,Total financial assets/liabilities ,F,Value,,,,,,,,,,,,,,,,,,,,,,-5169000000,2836000000,,,,,,,,,,,,,,,,,,,,,,,,,,,GADL_T_G14_XDC,A|CZ|S1311B|W0|S1|G33|F|_Z|_Z|XDC|_T|_X,
Dominica,321,Net incurrence of liabilities,G33,Budgetary central government,S1311B,Domestic currency,XDC,Total,W0|S1,Total financial assets/liabilities ,F,Value,,,,,,,,,,,,,,,,,,,,,,,,,,,,,75000000,89700000,14500000,20400000,19000000,11300000,-59300000,-12600000,-58300000,35450000,43527057,49487979.03,96947954.73,102163938.11,29040893.94,,,,,,,GADL_T_G14_XDC,A|DM|S1311B|W0|S1|G33|F|_Z|_Z|XDC|_T|_X,
Dominican Rep.,243,Net incurrence of liabilities,G33,Budgetary central government,S1311B,Domestic currency,XDC,Total,W0|S1,Total financial assets/liabilities ,F,Value,,,,,,,,,,,,,,,,,,,-72799999.9999999,-745200000,-1537610000,,,-1722200000,-1829700000,,-1777200000,-578600000,,,,17127403173.1,22451475865.9735,20034802002.8689,15659148981.5246,1224138452.47448,60827206185.0746,65649172035.2818,65508427570.5762,64327796021.6563,140594000000,93072680271.8335,70403652694.5477,-3284763664.52477,104375874095.171,120423051878.974,127338320025.913,174944521800.102,,GADL_T_G14_XDC,A|DO|S1311B|W0|S1|G33|F|_Z|_Z|XDC|_T|_X,
"Egypt, Arab Rep. of",469,Net incurrence of liabilities,G33,Budgetary central government,S1311B,Domestic currency,XDC,Total,W0|S1,Total financial assets/liabilities ,F,Value,,,,,,,,,,,,,,,,,,,,,,,,,,,,,,,41531000000,47188000000,54665000000,57627000000,864000000,39324000000,76329000000,97902000000,106636000000,158195000000,173349000000,,,,,,,,,GADL_T_G14_XDC,A|EG|S1311B|W0|S1|G33|F|_Z|_Z|XDC|_T|_X,
El Salvador,253,Net incurrence of liabilities,G33,Budgetary central government,S1311B,Domestic currency,XDC,Total,W0|S1,Total financial assets/liabilities ,F,Value,,,,,,,,,,,,,,,,,,,318200000,1080400000,395800000,826000000,820100000,253000000,269200000,545500000,2057200000,-1744900000,-1873900000,561300000,1065200000,232600000,415100000,925900000,1060400000,227200000,-137400000,1564700000,219600000,567439649.41,1532700000,-664800000,5473661.78000004,-67567809.48,-188523929.71,-1156934.90000007,-347000000,12500000.0000001,,GADL_T_G14_XDC,A|SV|S1311B|W0|S1|G33|F|_Z|_Z|XDC|_T|_X,
"Equatorial Guinea, Rep. of",642,Net incurrence of liabilities,G33,Budgetary central government,S1311B,Domestic currency,XDC,Total,W0|S1,Total financial assets/liabilities ,F,Value,,,,,,,,,,,,,,,,,,,,,,,,,,,,,,,,,,,-28122000000,-18682000000,-3043000000,-1786000000,46921000000,143489000000,-50204000000,235700000000,99497000000,,,,,,,GADL_T_G14_XDC,A|GQ|S1311B|W0|S1|G33|F|_Z|_Z|XDC|_T|_X,
"Estonia, Rep. of",939,Net incurrence of liabilities,G33,Budgetary central government,S1311B,Domestic currency,XDC,Total,W0|S1,Total financial assets/liabilities ,F,Value,,,,,,,,,,,,,,,,,,,,0,0,,,,,,,,,,,,,,,,,,,,,,,,,,,,,GADL_T_G14_XDC,A|EE|S1311B|W0|S1|G33|F|_Z|_Z|XDC|_T|_X,
"Eswatini, Kingdom of",734,Net incurrence of liabilities,G33,Budgetary central government,S1311B,Domestic currency,XDC,Total,W0|S1,Total financial assets/liabilities ,F,Value,,,,,,,,,,,,,,,,,,,,,,,,,,,,,,,,,,,,49147348.0000001,-256886400,-195302300,946955200,323912200,820710000,,-74597999.9999996,1440605000,3227615000,2304604000,3318600000,3076698389.67,,GADL_T_G14_XDC,A|SZ|S1311B|W0|S1|G33|F|_Z|_Z|XDC|_T|_X,
"Ethiopia, The Federal Dem. Rep. of",644,Net incurrence of liabilities,G33,Budgetary central government,S1311B,Domestic currency,XDC,Total,W0|S1,Total financial assets/liabilities ,F,Value,,,,,,,,,,,,,,,,,,,1762100000,1612400000,1461200000,1827600000,2614900000,2125300000,1545200000,823500000,1641800000,2430400000,,2880500000,5002700000,4019800000,4227500000,5713300000,29856800000,36105500000,40850600000,49378500000,51199900000,62382955000,66319000000,37991679203.35,46298911317.88,54935300586.22,77638820385.07,77578292411.13,103167008059.95,105321507921.77,,GADL_T_G14_XDC,A|ET|S1311B|W0|S1|G33|F|_Z|_Z|XDC|_T|_X,
"Fiji, Rep. of",819,Net incurrence of liabilities,G33,Budgetary central government,S1311B,Domestic currency,XDC,Total,W0|S1,Total financial assets/liabilities ,F,Value,,,,,,,,,,,,,,,,,,,,,,,,85460000,,,,,,,,,,,220141400,,,,-260546946.86,-142139689.84,-127371215.03,-83978378.96,298024194.37,257171303,345895480.48,383900000,747021516.800619,612635666.428506,,GADL_T_G14_XDC,A|FJ|S1311B|W0|S1|G33|F|_Z|_Z|XDC|_T|_X,
Finland,172,Net incurrence of liabilities,G33,Budgetary central government,S1311B,Domestic currency,XDC,Total,W0|S1,Total financial assets/liabilities ,F,Value,,,,,,,,,,,,,,,,,,,,3758159216.78246,10959293476.1585,12912796242.009,11596221153.6683,,,,,,,,,,,,,,,,,,,,,,,,,,,GADL_T_G14_XDC,A|FI|S1311B|W0|S1|G33|F|_Z|_Z|XDC|_T|_X,
France,132,Net incurrence of liabilities,G33,Budgetary central government,S1311B,Domestic currency,XDC,Total,W0|S1,Total financial assets/liabilities ,F,Value,,,,,,,,,,,,,,,,,,,23492393556.2849,10671431206.6187,42899153450.6073,58982524769.1541,41267948966.167,,,,,,,,,,,,,,,,,,,,,,,,,,,GADL_T_G14_XDC,A|FR|S1311B|W0|S1|G33|F|_Z|_Z|XDC|_T|_X,
Gabon,646,Net incurrence of liabilities,G33,Budgetary central government,S1311B,Domestic currency,XDC,Total,W0|S1,Total financial assets/liabilities ,F,Value,,,,,,,,,,,,,,,,,,,,,,,,,,,,,,,,,,,,,,,,,-164980274776,27668033165.1181,-213103520934.639,82434546827.7612,201409166114.441,66642716807.5616,33575827714.4764,-307910824789.344,,GADL_T_G14_XDC,A|GA|S1311B|W0|S1|G33|F|_Z|_Z|XDC|_T|_X,
"Gambia, The",648,Net incurrence of liabilities,G33,Budgetary central government,S1311B,Domestic currency,XDC,Total,W0|S1,Total financial assets/liabilities ,F,Value,,,,,,,,,,,,,,,,,,,,,,,,,,,,,,,,,,,,,,,,,,,,,,,4341486348.04,,,GADL_T_G14_XDC,A|GM|S1311B|W0|S1|G33|F|_Z|_Z|XDC|_T|_X,
Georgia,915,Net incurrence of liabilities,G33,Budgetary central government,S1311B,Domestic currency,XDC,Total,W0|S1,Total financial assets/liabilities ,F,Value,,,,,,,,,,,,,,,,,,,,,,,,138700000,234600000,289700000,182500000,237489062.4982,85149720.3398002,83800000,142230000,140700000,41000000,-66500000,-80800000,14500000,962200000,895600000,1276000000,583200000,608800000,233500000,1019500000,941200000,1066600000,1138300000,1127700000,1375500000,6348500000,GADL_T_G14_XDC,A|GE|S1311B|W0|S1|G33|F|_Z|_Z|XDC|_T|_X,
Germany,134,Net incurrence of liabilities,G33,Budgetary central government,S1311B,Domestic currency,XDC,Total,W0|S1,Total financial assets/liabilities ,F,Value,,,,,,,,,,,,,,,,,,,21893518352.8221,,,,,,,,,,,,,,,,,,,,,,,,,,,,,,,GADL_T_G14_XDC,A|DE|S1311B|W0|S1|G33|F|_Z|_Z|XDC|_T|_X,
Ghana,652,Net incurrence of liabilities,G33,Budgetary central government,S1311B,Domestic currency,XDC,Total,W0|S1,Total financial assets/liabilities ,F,Value,,,,,,,,,,,,,,,,,,,,,,,,,,,,,,,,194591585,152786043,77340726,804385557,1040408462,1905317824,1997515671,2906381184,2272319245,8715440001.53071,9454648302.19138,10636287535.8674,19655552993.7349,13922481178.9954,12244729654,11672748534.4,16891843383.1241,,GADL_T_G14_XDC,A|GH|S1311B|W0|S1|G33|F|_Z|_Z|XDC|_T|_X,
Greece,174,Net incurrence of liabilities,G33,Budgetary central government,S1311B,Domestic currency,XDC,Total,W0|S1,Total financial assets/liabilities ,F,Value,,,,,,,,,,,,,,,,,,,8272516507.7036,7163609684.51944,3248716067.49817,6045487894.3507,7615553925.16508,,,,,,,,,,,,,,,,,,,,,,,,,,,GADL_T_G14_XDC,A|GR|S1311B|W0|S1|G33|F|_Z|_Z|XDC|_T|_X,
Grenada,328,Net incurrence of liabilities,G33,Budgetary central government,S1311B,Domestic currency,XDC,Total,W0|S1,Total financial assets/liabilities ,F,Value,,,,,,,,,,,,,,,,,,,,,,,,,,,,-9300000,72610000,100920000,248160000,77041577,129120797,63257810.4,63856481,73774257,35834816,-11699196,45736695,35725312.302,-28424993.948,55082987.05,106196335.8,,,,,,,GADL_T_G14_XDC,A|GD|S1311B|W0|S1|G33|F|_Z|_Z|XDC|_T|_X,
Guatemala,258,Net incurrence of liabilities,G33,Budgetary central government,S1311B,Domestic currency,XDC,Total,W0|S1,Total financial assets/liabilities ,F,Value,,,,,,,,,,,,,,,,,,,,,,,,,,,,,2587760000,3705300000,640650000,5846680000,5424980000,5188040000,5470400000,5565800000,2475300000,8505683457.1,11280558746.03,8613463390.76,7426174208.12,8733534380,8334483858.27,7613659201.08,8237263470.08,7781679363.94,10701740367.03,12224855818.42,,GADL_T_G14_XDC,A|GT|S1311B|W0|S1|G33|F|_Z|_Z|XDC|_T|_X,
Guinea,656,Net incurrence of liabilities,G33,Budgetary central government,S1311B,Domestic currency,XDC,Total,W0|S1,Total financial assets/liabilities ,F,Value,,,,,,,,,,,,,,,,,,,,,,,,,,,195920000000,125730000000,,,,,,,,,,,,,,,,,,,,,,GADL_T_G14_XDC,A|GN|S1311B|W0|S1|G33|F|_Z|_Z|XDC|_T|_X,
Guinea-Bissau,654,Net incurrence of liabilities,G33,Budgetary central government,S1311B,Domestic currency,XDC,Total,W0|S1,Total financial assets/liabilities ,F,Value,,,,,,,,,,,,,,,,,,,,,,,,,,,,,,,,,,,,,,,,,,,,,,17916724072.54,,42743395259.9959,,GADL_T_G14_XDC,A|GW|S1311B|W0|S1|G33|F|_Z|_Z|XDC|_T|_X,
Honduras,268,Net incurrence of liabilities,G33,Budgetary central government,S1311B,Domestic currency,XDC,Total,W0|S1,Total financial assets/liabilities ,F,Value,,,,,,,,,,,,,,,,,,,,,,,,,,,,,,,,6241197800,5062275600,2290364100,4451092700,6181513000,7452984998,19292967148,15187270270,14694184000,23533983904,35768278653,16897346003.9792,16354559244,14180492607.88,26952447948.85,17131796346,15432466225.8618,,GADL_T_G14_XDC,A|HN|S1311B|W0|S1|G33|F|_Z|_Z|XDC|_T|_X,
Hungary,944,Net incurrence of liabilities,G33,Budgetary central government,S1311B,Domestic currency,XDC,Total,W0|S1,Total financial assets/liabilities ,F,Value,,,,,,,,,,,,,,,,,,,-9800000000,184300000000,90200000000,285600000000,183200000000,,,,,,,,,,,,,,,,,,,,,,,,,,,GADL_T_G14_XDC,A|HU|S1311B|W0|S1|G33|F|_Z|_Z|XDC|_T|_X,
Iceland,176,Net incurrence of liabilities,G33,Budgetary central government,S1311B,Domestic currency,XDC,Total,W0|S1,Total financial assets/liabilities ,F,Value,,,,,,,,,,,,,,,,,,,13741500000,10660200000,15758300000,13536700000,15507100000,16976500000,11073100000,-2650000000,97439000.0000021,-5347372000,-9790509000,51152942000,16671133000,3130746000,3840889000,,133043607000,100342638000,625822699000,276852787333.333,210371029332,176565215455,-6807888341.33334,-33596710083,7100718397.33333,-194354803779,-185045147584.667,-254247352173,-83464266743,112716519189,,GADL_T_G14_XDC,A|IS|S1311B|W0|S1|G33|F|_Z|_Z|XDC|_T|_X,
India,534,Net incurrence of liabilities,G33,Budgetary central government,S1311B,Domestic currency,XDC,Total,W0|S1,Total financial assets/liabilities ,F,Value,,,24180000000,36770000000,32150000000,62110000000,25630000000,65030000000,90400000000,82620000000,144940000000,98390000000,175310000000,222510000000,277950000000,277170000000,326630000000,361790000000,438800000000,358580000000,393700000000,615500000000,555240000000,615010000000,664220000000,751010000000,919600000000,1052810000000,1147240000000,1384670000000,1261710000000,803300000000,1631530000000,1551080000000,1024370000000,1109150000000,2549680000000,3952820000000,3371200000000,4950300000000,4856200000000,5254700000000,4801645955000,5122836700000,4905520000000,5854260000000,5736570000000,,,GADL_T_G14_XDC,A|IN|S1311B|W0|S1|G33|F|_Z|_Z|XDC|_T|_X,
Indonesia,536,Net incurrence of liabilities,G33,Budgetary central government,S1311B,Domestic currency,XDC,Total,W0|S1,Total financial assets/liabilities ,F,Value,,,,,,,,,,,,,,,,,,,,1798000000000,1159000000000,-451000000000,-303000000000,,-2658000000000,3432400000000,49705300000000,15942000000000,,,-2462336000000,-6709689000000,-9733281971413.7,-1921289784456,13630015780867,44100940578461,,,,,,,,,,,,,,GADL_T_G14_XDC,A|ID|S1311B|W0|S1|G33|F|_Z|_Z|XDC|_T|_X,
"Iran, Islamic Rep. of",429,Net incurrence of liabilities,G33,Budgetary central government,S1311B,Domestic currency,XDC,Total,W0|S1,Total financial assets/liabilities ,F,Value,,,,,,,,,,,,,,,,,,,,,,,,,,,,3277339000000,7158577000000,2814597488689.63,28840600000000,11126900000000,-13540000000000,-7398700000000,29321306000000,,,0,,,,,,,,,,,,GADL_T_G14_XDC,A|IR|S1311B|W0|S1|G33|F|_Z|_Z|XDC|_T|_X,
Iraq,433,Net incurrence of liabilities,G33,Budgetary central government,S1311B,Domestic currency,XDC,Total,W0|S1,Total financial assets/liabilities ,F,Value,,,,,,,,,,,,,,,,,,,,,,,,,,,,,,,,,,,,,,,,,,,8721460000000,13554284556000,11871548061238.5,8243218374466.79,3585050186703,-1017205485271.84,,GADL_T_G14_XDC,A|IQ|S1311B|W0|S1|G33|F|_Z|_Z|XDC|_T|_X,
Israel,436,Net incurrence of liabilities,G33,Budgetary central government,S1311B,Domestic currency,XDC,Total,W0|S1,Total financial assets/liabilities ,F,Value,,,,,,,,,,,,,,,,,,,4541800000,7880000000,9215000000,8950000000,5547000000,13383000000,18361000000,5028000000,11708000000,8202000000,,,,,,,3445133010.5,5693253628.4,40219274500.5,64196913284.5,24611741604.4,28055102425.6,46830956947.1,48172244426.6,17234607980.9,16729029080.3,27383063037.6,21793012877.1,52024103223.2,55950156472.6,,GADL_T_G14_XDC,A|IL|S1311B|W0|S1|G33|F|_Z|_Z|XDC|_T|_X,
Jamaica,343,Net incurrence of liabilities,G33,Budgetary central government,S1311B,Domestic currency,XDC,Total,W0|S1,Total financial assets/liabilities ,F,Value,,,,,,,,,,,,,,,,,,,,,,,,,,,,,,,,,21588420073,39515193849,33982474244,28489107069,49601863000,123963000000,112256000000,46280147282,58552700000,-13260646000,,,,,,,,GADL_T_G14_XDC,A|JM|S1311B|W0|S1|G33|F|_Z|_Z|XDC|_T|_X,
Jordan,439,Net incurrence of liabilities,G33,Budgetary central government,S1311B,Domestic currency,XDC,Total,W0|S1,Total financial assets/liabilities ,F,Value,,,,,,,,,,,,,,,,,,,178410000,301460000,148200000,-132270000,59900000,168840000,175450000,45680000,180450000,204340000,5550000,139440000,203000000,-132890000,5990000,,,,290400000,1566700000,929900000,1105300000,2060600000,3171300000,2356600000,1258100000,1163700000,1316700000,1189600000,1971300000,,GADL_T_G14_XDC,A|JO|S1311B|W0|S1|G33|F|_Z|_Z|XDC|_T|_X,
"Kazakhstan, Rep. of",916,Net incurrence of liabilities,G33,Budgetary central government,S1311B,Domestic currency,XDC,Total,W0|S1,Total financial assets/liabilities ,F,Value,,,,,,,,,,,,,,,,,,,,,,,,,,59135000000,65340000000,69697000000,,,,,,-46595476322.9,83864827000,83123517800,312407237300,560391800000,592121307606.8,504849383237.69,904626988480.99,776953094598.6,1004898189079.93,1173531700970.74,1180764864409.4,2112723432155.33,698314331771.85,1193665630074.89,,GADL_T_G14_XDC,A|KZ|S1311B|W0|S1|G33|F|_Z|_Z|XDC|_T|_X,
Kenya,664,Net incurrence of liabilities,G33,Budgetary central government,S1311B,Domestic currency,XDC,Total,W0|S1,Total financial assets/liabilities ,F,Value,,,,,,,,,,,,,,,,,,,,,9474000000,,,,,,22600300000,-9216000000,,13113460000,,4001774000,17618000000,-6673000000,36447000000,38611000000,-13891000000,110570000000,174268000000,121656657407.54,108742906200.001,,332894345818.552,607173620251.635,663400050672.442,661897427050.256,707526930000,630766575182.467,,GADL_T_G14_XDC,A|KE|S1311B|W0|S1|G33|F|_Z|_Z|XDC|_T|_X,
Kiribati,826,Net incurrence of liabilities,G33,Budgetary central government,S1311B,Domestic currency,XDC,Total,W0|S1,Total financial assets/liabilities ,F,Value,,,,,,,,,,,,,,,,,,,,,,,,,,,,,,,,,,,,,,,,1999116.29,-702767.3031,-5666818.06,-9912570.49490372,-1082514,-1612506.44,-2037258.72,-905218.1,-563331.841599999,,GADL_T_G14_XDC,A|KI|S1311B|W0|S1|G33|F|_Z|_Z|XDC|_T|_X,
"Korea, Rep. of",542,Net incurrence of liabilities,G33,Budgetary central government,S1311B,Domestic currency,XDC,Total,W0|S1,Total financial assets/liabilities ,F,Value,,,,,,,,,,,,,,,,,,,-369000000000,-526000000000,-173000000000,60000000000,-216000000000,-1051000000000,-980000000000,-823000000000,4100198000000,950886000000,-399666000000,-434128000000,-562208000000,-6177133000000,-11704571000000,-2774800000000,-828300000000,,,,,,31536300000000,51549500000000,43468141954908,49708531845933,38551567691555,27624263357765,22817154915245,54157795556592,,GADL_T_G14_XDC,A|KR|S1311B|W0|S1|G33|F|_Z|_Z|XDC|_T|_X,
Kyrgyz Rep.,917,Net incurrence of liabilities,G33,Budgetary central government,S1311B,Domestic currency,XDC,Total,W0|S1,Total financial assets/liabilities ,F,Value,,,,,,,,,,,,,,,,,,,,,,,,,,,,,,,,,,,,1876909500,757569000,16262202000,6447695000,13508599000,15921773000,16452629000,22519794000,18909500000,25427300000,24991100000,11775300000,7754560000,,GADL_T_G14_XDC,A|KG|S1311B|W0|S1|G33|F|_Z|_Z|XDC|_T|_X,
Lao People's Dem. Rep.,544,Net incurrence of liabilities,G33,Budgetary central government,S1311B,Domestic currency,XDC,Total,W0|S1,Total financial assets/liabilities ,F,Value,,,,,,,,,,,,,,,,,,,,,,,,,,,,,,,,,,,,,1159370000000,911862000000,1178160000000,1322300000000,718760000000,438330000000,1284250000000,3743470000000,3254257066800,8308660363200,3702843382232,4262354528295,,GADL_T_G14_XDC,A|LA|S1311B|W0|S1|G33|F|_Z|_Z|XDC|_T|_X,
Lebanon,446,Net incurrence of liabilities,G33,Budgetary central government,S1311B,Domestic currency,XDC,Total,W0|S1,Total financial assets/liabilities ,F,Value,,,,,,,,,,,,,,,,,,,,,,,,,,3438200000000,4671980000000,5894070000000,5880400000000,4817100000000,3983900000000,3618000000000,3586400000000,3766510000000,2597639000000,2452013000000,7502301000000,6258815186000,2696300000000,2443080000000,6328720000000,8838030000000,5350820000000,6118154400000,6809025000000,6564097065961.88,8487600000000,9508500000000,,GADL_T_G14_XDC,A|LB|S1311B|W0|S1|G33|F|_Z|_Z|XDC|_T|_X,
"Lesotho, Kingdom of",666,Net incurrence of liabilities,G33,Budgetary central government,S1311B,Domestic currency,XDC,Total,W0|S1,Total financial assets/liabilities ,F,Value,,,,,,,,,,,,,,,,160540000,181235000,103368000,,68137217.2650985,-180684442.111579,343213375.03728,-71183126.02185,234172324.49503,139248284.307417,138414788.563531,314470280.497891,638578648.50623,-408607452.92785,340137471.6,-213047320.1,137200000,-560500000,-18700000,111141500,22635499.9999999,197282500,18880570,237984406.478261,673269375.85304,400185072.453196,517307795.375663,1125718173.64984,360300000,264622450.078,926244903.919997,78608582.8929013,-3803755969.77,,GADL_T_G14_XDC,A|LS|S1311B|W0|S1|G33|F|_Z|_Z|XDC|_T|_X,
Liberia,668,Net incurrence of liabilities,G33,Budgetary central government,S1311B,Domestic currency,XDC,Total,W0|S1,Total financial assets/liabilities ,F,Value,,,-600000.000000001,-1300000,,49100000,36200000,161700000,84200000,117200000,109500000,105200000,46800000,89100000,89700000,82500000,90200000,,,,,,,,,,,,,,,,,-2983263.07,-1462000,-2055413,-1828568,,0,0,0,0,,,,,,,,GADL_T_G14_XDC,A|LR|S1311B|W0|S1|G33|F|_Z|_Z|XDC|_T|_X,
Lithuania,946,Net incurrence of liabilities,G33,Budgetary central government,S1311B,Domestic currency,XDC,Total,W0|S1,Total financial assets/liabilities ,F,Value,,,,,,,,,,,,,,,,,,,,,,766300000,762300000,,,,,,,,,,,,,,,,,,,,,,,,,,,GADL_T_G14_XDC,A|LT|S1311B|W0|S1|G33|F|_Z|_Z|XDC|_T|_X,
Luxembourg,137,Net incurrence of liabilities,G33,Budgetary central government,S1311B,Domestic currency,XDC,Total,W0|S1,Total financial assets/liabilities ,F,Value,,,,,,,,,,,,,,,,,,,-59667971.4129187,-47669924.8138939,,,-55478570.844251,,,,,,,,,,,,,,,,,,,,,,,,,,,GADL_T_G14_XDC,A|LU|S1311B|W0|S1|G33|F|_Z|_Z|XDC|_T|_X,
"Madagascar, Rep. of",674,Net incurrence of liabilities,G33,Budgetary central government,S1311B,Domestic currency,XDC,Total,W0|S1,Total financial assets/liabilities ,F,Value,,,,,,,,,,,,,,,,,,,,,,,,,,,,,,,,346360200000,459884600000,522800000000,450000000000,406869000000,552802000000,198325000000,416277000000,214498000000,272171000000,38483000000,774415000000,798629000000,579296010711.297,945996189163.739,786262379701.964,676210422568.98,,GADL_T_G14_XDC,A|MG|S1311B|W0|S1|G33|F|_Z|_Z|XDC|_T|_X,
Malawi,676,Net incurrence of liabilities,G33,Budgetary central government,S1311B,Domestic currency,XDC,Total,W0|S1,Total financial assets/liabilities ,F,Value,,,,,,,,,,,,,,,,,,,,,,,,,,,,,,,,,,,,,,39838392246,2772453213,27374054275,83610576030,28774924942.6369,137752117420.799,164292565768.79,324582271438.35,129344882996.218,323610175185.583,487690285296.868,399974264015.164,GADL_T_G14_XDC,A|MW|S1311B|W0|S1|G33|F|_Z|_Z|XDC|_T|_X,
Malaysia,548,Net incurrence of liabilities,G33,Budgetary central government,S1311B,Domestic currency,XDC,Total,W0|S1,Total financial assets/liabilities ,F,Value,,,,,,,,,,,,,,,,,,,,,,,,,,,,,,,14096000000,19586000000,25771000000,9197000000,14695757000,21485830915.18,35179869000,50592602000,40119755000,45619000000,43331000000,39304700000,37201320000,39658000000,38693300000,40408307648.88,54107184894.07,51732000000,,GADL_T_G14_XDC,A|MY|S1311B|W0|S1|G33|F|_Z|_Z|XDC|_T|_X,
Maldives,556,Net incurrence of liabilities,G33,Budgetary central government,S1311B,Domestic currency,XDC,Total,W0|S1,Total financial assets/liabilities ,F,Value,,,,,,,,,,,,,,,,,,,161400000,237600000,367300000,413300000,215500000,302500000,138600000,77000000,150800000,284600000,328000000,390700000,399500000,283200000,206000000,1102900000,851600000,766120000,2750000000,5216000000,4315700000,2360100000,,,2109774283.51,3377331406.5599,6892254929.8771,3695632973.1999,6150268824.66,6526892456.71999,,GADL_T_G14_XDC,A|MV|S1311B|W0|S1|G33|F|_Z|_Z|XDC|_T|_X,
Mali,678,Net incurrence of liabilities,G33,Budgetary central government,S1311B,Domestic currency,XDC,Total,W0|S1,Total financial assets/liabilities ,F,Value,,,,,,,,,,,,,,,,,,,,,,,,,,,,,35279872999.9999,71031600000,63455024221.0797,33064500000,70790000000,81940000000,,104660000000,36692000000,864100000.000036,135809000000,173447000000,-129406000000,154464000000,216260649000,292699732805,240100000000,101500000000,304480000000,471164541891,,GADL_T_G14_XDC,A|ML|S1311B|W0|S1|G33|F|_Z|_Z|XDC|_T|_X,
Malta,181,Net incurrence of liabilities,G33,Budgetary central government,S1311B,Domestic currency,XDC,Total,W0|S1,Total financial assets/liabilities ,F,Value,,,,,,,,,,,,,,,,,,,75192173.3053809,86303284.416492,59911483.8108549,65618448.6373166,82948986.7225716,,,,,,,,,,,,,,,,,,,,,,,,,,,GADL_T_G14_XDC,A|MT|S1311B|W0|S1|G33|F|_Z|_Z|XDC|_T|_X,
"Marshall Islands, Rep. of the",867,Net incurrence of liabilities,G33,Budgetary central government,S1311B,Domestic currency,XDC,Total,W0|S1,Total financial assets/liabilities ,F,Value,,,,,,,,,,,,,,,,,,,,,,,,,,,,,,,,,,,,,2390143,1739741,620581,-14864890,-4504348,798119,-3840701,-2889682,-1988545,674859,-5613000,-465000,,GADL_T_G14_XDC,A|MH|S1311B|W0|S1|G33|F|_Z|_Z|XDC|_T|_X,
Mauritius,684,Net incurrence of liabilities,G33,Budgetary central government,S1311B,Domestic currency,XDC,Total,W0|S1,Total financial assets/liabilities ,F,Value,,,,,,,,,,,,,,,,,,,1478800000,1883800000,-2190400000,644600000,2158300000,2200500000,3687600000,3371000000,2669000000,-112000000,3330000000,-1131400000,12277400000,16409600000,-31500000,10360700000,10864200000,6219400000,4496500000,9692600000,5148000000,13056700000,6566900000,20195800000,15753800000,4826500000,22235700000,13117722673,-2619300000,12876300000,,GADL_T_G14_XDC,A|MU|S1311B|W0|S1|G33|F|_Z|_Z|XDC|_T|_X,
Mexico,273,Net incurrence of liabilities,G33,Budgetary central government,S1311B,Domestic currency,XDC,Total,W0|S1,Total financial assets/liabilities ,F,Value,,,,,,,,,,,,,,,,,,,,,,,,,,,,,,,,,,,,,84799171333.3041,408907860451.365,374467607236.657,322644422454.196,423348860802.918,542472827221.368,597024057894.121,615886886535.581,621079020507.758,209998740787.85,510743984320.112,557000188768.562,,GADL_T_G14_XDC,A|MX|S1311B|W0|S1|G33|F|_Z|_Z|XDC|_T|_X,
"Micronesia, Federated States of",868,Net incurrence of liabilities,G33,Budgetary central government,S1311B,Domestic currency,XDC,Total,W0|S1,Total financial assets/liabilities ,F,Value,,,,,,,,,,,,,,,,,,,,,,,,,,,,,,,,,,,,,8082771.22,1833140,-695324.219999999,7149224,8274637,-5241423,-8813292.21,8636882.79,6954003,28140247.9665943,-19952879.833849,-5937904.04354903,,GADL_T_G14_XDC,A|FM|S1311B|W0|S1|G33|F|_Z|_Z|XDC|_T|_X,
"Moldova, Rep. of",921,Net incurrence of liabilities,G33,Budgetary central government,S1311B,Domestic currency,XDC,Total,W0|S1,Total financial assets/liabilities ,F,Value,,,,,,,,,,,,,,,,,,,,,,,,,,609800000,290400000,460700000,201400000,7200000,,,177000000,10200000,-238600000,181500000,-320400000,3576800000,2334600000,426100000,1522800000,1242100000,1925000000,2270500000,4389100000,3421200000,1067800000,589100000,,GADL_T_G14_XDC,A|MD|S1311B|W0|S1|G33|F|_Z|_Z|XDC|_T|_X,
Mongolia,948,Net incurrence of liabilities,G33,Budgetary central government,S1311B,Domestic currency,XDC,Total,W0|S1,Total financial assets/liabilities ,F,Value,,,,,,,,,,,,,,,,,,,,,3476000000,26470000000,8816000000,16120000000,47986000000,48914000000,64011000000,108604000000,64703000000,55019000000,65447826141.3563,90981674410.04,,,202660502054.17,301531361140.96,16789797766.04,833099643439.87,-45065127795,512763616643.04,2457280072731.13,1314580000000,789458424904.475,1259614897503.08,4703032300000,1775812768826.33,-1214624765702.89,,,GADL_T_G14_XDC,A|MN|S1311B|W0|S1|G33|F|_Z|_Z|XDC|_T|_X,
Montenegro,943,Net incurrence of liabilities,G33,Budgetary central government,S1311B,Domestic currency,XDC,Total,W0|S1,Total financial assets/liabilities ,F,Value,,,,,,,,,,,,,,,,,,,,,,,,,,,,,,,,,,,,,,,,,,145469912.46,87740955.6299999,286340552.47,,,,,,GADL_T_G14_XDC,A|ME|S1311B|W0|S1|G33|F|_Z|_Z|XDC|_T|_X,
Montserrat,351,Net incurrence of liabilities,G33,Budgetary central government,S1311B,Domestic currency,XDC,Total,W0|S1,Total financial assets/liabilities ,F,Value,,,,,,,,,,,,,,,,,,,,,,,,,,,,,4125517,-4029027,-8454292,-14597841,-6186903,9901304,6793369,-2106399,6037161,-1848584,-6477573,-27156665.53,-9810623.67,7564700.63,3752708.97,,,,,,,GADL_T_G14_XDC,A|MS|S1311B|W0|S1|G33|F|_Z|_Z|XDC|_T|_X,
Morocco,686,Net incurrence of liabilities,G33,Budgetary central government,S1311B,Domestic currency,XDC,Total,W0|S1,Total financial assets/liabilities ,F,Value,,,,,,,,,,,,,,,,,,,6127000000,5823000000,5483000000,,11279000000,13845000000,,-1331000000,151000000,3059000000,,,3215000000,10770000000,4877000000,21052606000,5719014000,-122569000.000014,-4275418999.99994,14729422000,31623792999.9999,54080406000,,,,,,35123840000,40679660000,40867479000,,GADL_T_G14_XDC,A|MA|S1311B|W0|S1|G33|F|_Z|_Z|XDC|_T|_X,
"Mozambique, Rep. of",688,Net incurrence of liabilities,G33,Budgetary central government,S1311B,Domestic currency,XDC,Total,W0|S1,Total financial assets/liabilities ,F,Value,,,,,,,,,,,,,,,,,,,,,,,,,,,,,,,,,,,,,,,20310063947.4705,17173511990,15425127000,34688723268,,,43843878289.3416,52391758666.88,52289662000,46041190169.6951,,GADL_T_G14_XDC,A|MZ|S1311B|W0|S1|G33|F|_Z|_Z|XDC|_T|_X,
Myanmar,518,Net incurrence of liabilities,G33,Budgetary central government,S1311B,Domestic currency,XDC,Total,W0|S1,Total financial assets/liabilities ,F,Value,,,,,,,,,,,,,,,,,,,,,,,,,,,,,,0,,,,,,,,,,,906202634000,1203927623000,589733054000,3733840065000,2460628504000,1046398989000,1695661387000,3316810311000,,GADL_T_G14_XDC,A|MM|S1311B|W0|S1|G33|F|_Z|_Z|XDC|_T|_X,
Namibia,728,Net incurrence of liabilities,G33,Budgetary central government,S1311B,Domestic currency,XDC,Total,W0|S1,Total financial assets/liabilities ,F,Value,,,,,,,,,,,,,,,,,,,,,,,,,,,,,456840000,1673539000,866460000,1788279000,852636000,575708000,-423518000,-553712000,830084874,-674197464,1745187005,6932150527,-436334564,3496566573.91,4669550329.06,,7590316888.18,12054377974.21,9916207124,-9269125347,,GADL_T_G14_XDC,A|NA|S1311B|W0|S1|G33|F|_Z|_Z|XDC|_T|_X,
"Nauru, Rep. of",836,Net incurrence of liabilities,G33,Budgetary central government,S1311B,Domestic currency,XDC,Total,W0|S1,Total financial assets/liabilities ,F,Value,,,,,,,,,,,,,,,,,,,,,,,,,,,,,,,,,,,,,,,,,,,-12665309.56,23432136.71,2212232.73,12014757.54,499994,,,GADL_T_G14_XDC,A|NR|S1311B|W0|S1|G33|F|_Z|_Z|XDC|_T|_X,
Nepal,558,Net incurrence of liabilities,G33,Budgetary central government,S1311B,Domestic currency,XDC,Total,W0|S1,Total financial assets/liabilities ,F,Value,,,,,,,,,,,,,,,,,,,7013200000,,,,,,,8591000000,10523000000,11919000000,12100000000,13354000000,9264000000,3866900000,2442000000,4670900000,5783700000,11193600000,13089400000,30970400000,22705061000,23656100000,-9076191000,-35130171000,-3895368000,3496571410.05,56847135000,82461749997.41,192679219344.89,182455705912.12,,GADL_T_G14_XDC,A|NP|S1311B|W0|S1|G33|F|_Z|_Z|XDC|_T|_X,
"Netherlands, The",138,Net incurrence of liabilities,G33,Budgetary central government,S1311B,Domestic currency,XDC,Total,W0|S1,Total financial assets/liabilities ,F,Value,,,,,,,,,,,,,,,,,,,10486860793.8431,9883333106.44323,9116444541.25089,5998974456.71164,-757812960.870532,,,,,,,,,,,,,,,,,,,,,,,,,,,GADL_T_G14_XDC,A|NL|S1311B|W0|S1|G33|F|_Z|_Z|XDC|_T|_X,
New Zealand,196,Net incurrence of liabilities,G33,Budgetary central government,S1311B,Domestic currency,XDC,Total,W0|S1,Total financial assets/liabilities ,F,Value,,,,,,,,,,,,,,,,,,,,,,,,,,,,,,,-402386000,1036852000,-1634512000,-482900000,,,,,,,,,,,,,,,,GADL_T_G14_XDC,A|NZ|S1311B|W0|S1|G33|F|_Z|_Z|XDC|_T|_X,
Niger,692,Net incurrence of liabilities,G33,Budgetary central government,S1311B,Domestic currency,XDC,Total,W0|S1,Total financial assets/liabilities ,F,Value,,,,,,,,,,,,,,,,,,,,,,,,,,,,,,,,,,35059297327,-756688935702,9620355368.00001,,,,,,,,,,,,,,GADL_T_G14_XDC,A|NE|S1311B|W0|S1|G33|F|_Z|_Z|XDC|_T|_X,
Nigeria,694,Net incurrence of liabilities,G33,Budgetary central government,S1311B,Domestic currency,XDC,Total,W0|S1,Total financial assets/liabilities ,F,Value,,,,,,,,,,,,,,,,,,,,,,,,,,,,,,,,163700000000,46500000000,161400000000,100800000000,117200000000,150700000000,607400000000,1185500000000,928600000000,975700000000,1153500000000,,,,,,,,GADL_T_G14_XDC,A|NG|S1311B|W0|S1|G33|F|_Z|_Z|XDC|_T|_X,
"North Macedonia, Republic of",962,Net incurrence of liabilities,G33,Budgetary central government,S1311B,Domestic currency,XDC,Total,W0|S1,Total financial assets/liabilities ,F,Value,,,,,,,,,,,,,,,,,,,,,,,,,,,,,,,,,,6768064112,-14259567551.71,-19408370784,,,,,,19326209698,38936588638,9986459881,22634561548,8080392411,21918338176,14509161634,,GADL_T_G14_XDC,A|MK|S1311B|W0|S1|G33|F|_Z|_Z|XDC|_T|_X,
Norway,142,Net incurrence of liabilities,G33,Budgetary central government,S1311B,Domestic currency,XDC,Total,W0|S1,Total financial assets/liabilities ,F,Value,,,,,,,,,,,,,,,,,,,-10603000000,-2054000000,38915000000,87680000000,2578000000,,,,,,,,,,,,,,,,,,,,,,,,,,,GADL_T_G14_XDC,A|NO|S1311B|W0|S1|G33|F|_Z|_Z|XDC|_T|_X,
Oman,449,Net incurrence of liabilities,G33,Budgetary central government,S1311B,Domestic currency,XDC,Total,W0|S1,Total financial assets/liabilities ,F,Value,,,,,,,,,,,,,,,,,,,-124000000,275700000,261500000,-43500000,114000000,-8000000,71600000,-79700000,142499000,22400000,-73400000,-64500000,-195800000,15200000,3600000,-159100000,115500000,-126800000,-36000000,40000000,131300000,111100000,113300000,126000000,,,,,,,,GADL_T_G14_XDC,A|OM|S1311B|W0|S1|G33|F|_Z|_Z|XDC|_T|_X,
"Palau, Rep. of",565,Net incurrence of liabilities,G33,Budgetary central government,S1311B,Domestic currency,XDC,Total,W0|S1,Total financial assets/liabilities ,F,Value,,,,,,,,,,,,,,,,,,,,,,,,,,,,,,,,,,,,,-1475425,-1367723,8870095,-6306646,7974023,-7788048,894216,-5024641,17186890,4645744,11442348,2354000,,GADL_T_G14_XDC,A|PW|S1311B|W0|S1|G33|F|_Z|_Z|XDC|_T|_X,
Papua New Guinea,853,Net incurrence of liabilities,G33,Budgetary central government,S1311B,Domestic currency,XDC,Total,W0|S1,Total financial assets/liabilities ,F,Value,,,,,,,,,,,,,,,,,,,11110000,88110000,295290000,407740000,106820000,47249000,360123000,154120000,60050000,508218000,339580000,427767000,316793000,,,,,,,,,,,,3405000000,2601787919,3943800000,1614220000,3276995198.87559,3388136084.4,,GADL_T_G14_XDC,A|PG|S1311B|W0|S1|G33|F|_Z|_Z|XDC|_T|_X,
Paraguay,288,Net incurrence of liabilities,G33,Budgetary central government,S1311B,Domestic currency,XDC,Total,W0|S1,Total financial assets/liabilities ,F,Value,,,,,,,,,,,,,,,,,,,-53112000000,-140684000000,18195000000,-98189000000,,,,,,,,,1017958684000,378838962100,-614476097411,-272400000000,257800000000,281266269567,-798596585836,958360635501,329481060025,-375908204890,904243400600.999,3271630000000,5057310513764,1704228463955,3196580308687,3767582079550,5151835860823,6517783544418,,GADL_T_G14_XDC,A|PY|S1311B|W0|S1|G33|F|_Z|_Z|XDC|_T|_X,
Peru,293,Net incurrence of liabilities,G33,Budgetary central government,S1311B,Domestic currency,XDC,Total,W0|S1,Total financial assets/liabilities ,F,Value,,,,,,,,,,,,,,,,,,,,,,,,4738100000,3063700000,2163400000,2506900000,2617200000,4218000000,5751500000,10915120000,4104160000,4913880000,1943294000,65699999.9999996,234200000,-3545710689.203,3070576928.91485,-4802270762.41659,1119482554.45474,2429835707.3959,-6004586839.04873,-5342504876.7037,7512089230.3207,-6052074571.98798,-11833800966.7129,-8092187596.9305,-9932613481.2097,,GADL_T_G14_XDC,A|PE|S1311B|W0|S1|G33|F|_Z|_Z|XDC|_T|_X,
Philippines,566,Net incurrence of liabilities,G33,Budgetary central government,S1311B,Domestic currency,XDC,Total,W0|S1,Total financial assets/liabilities ,F,Value,,,,,,,,,,,,,,,,,,,19770000000,42995000000,106679000000,-9600000000,-62075000000,-23405000000,24867000000,-34585000000,67070000000,72674000000,204073000000,173434000000,277155000000,286210000000,276460000000,182510000000,116041000000,136914000000,127387000000,241777000000,359815000000,124153000000,594707000000,231120000000,113656000000,123857000000,98985000000,606040000000,505608000000,435666590000,,GADL_T_G14_XDC,A|PH|S1311B|W0|S1|G33|F|_Z|_Z|XDC|_T|_X,
"Poland, Rep. of",964,Net incurrence of liabilities,G33,Budgetary central government,S1311B,Domestic currency,XDC,Total,W0|S1,Total financial assets/liabilities ,F,Value,,,,,,,,,,,,,,,,,,,,,,,5670000000,,,,,,,,,,,,,,,,,,,,,,,,,,,GADL_T_G14_XDC,A|PL|S1311B|W0|S1|G33|F|_Z|_Z|XDC|_T|_X,
Portugal,182,Net incurrence of liabilities,G33,Budgetary central government,S1311B,Domestic currency,XDC,Total,W0|S1,Total financial assets/liabilities ,F,Value,,,,,,,,,,,,,,,,,,,784609092.088068,4478706317.77416,2523418561.26735,4689697828.23396,4295148691.65312,,,,,,,,,,,,,,,,,,,,,,,,,,,GADL_T_G14_XDC,A|PT|S1311B|W0|S1|G33|F|_Z|_Z|XDC|_T|_X,
Romania,968,Net incurrence of liabilities,G33,Budgetary central government,S1311B,Domestic currency,XDC,Total,W0|S1,Total financial assets/liabilities ,F,Value,,,,,,,,,,,,,,,,,,,,0,,,,,,,,,,,,,,,,,,,,,,,,,,,,,,GADL_T_G14_XDC,A|RO|S1311B|W0|S1|G33|F|_Z|_Z|XDC|_T|_X,
Russian Federation,922,Net incurrence of liabilities,G33,Budgetary central government,S1311B,Domestic currency,XDC,Total,W0|S1,Total financial assets/liabilities ,F,Value,,,,,,,,,,,,,,,,,,,,,,,,,,,154026000000,93694000000,-76919000000,-260024000000,-658355000000,-371517891700,-228313170300,-837032300000,-618900000000,-61400000000,183000000000,660500000000,675100000000,878400000000,578800000000,882700000000,1218951680591.77,229185076898.67,1354483000000,2723485000000,753879000000,2431252000000,,GADL_T_G14_XDC,A|RU|S1311B|W0|S1|G33|F|_Z|_Z|XDC|_T|_X,
Rwanda,714,Net incurrence of liabilities,G33,Budgetary central government,S1311B,Domestic currency,XDC,Total,W0|S1,Total financial assets/liabilities ,F,Value,,,,,,,,,,,,,,,,,,,,,,,,,,,,,,,,,,,,,-3027292335.81271,30427332415,24765835191.2016,12104200729,,,129845001267.919,280474920798.403,319242178786.689,361987701220.506,448295369422.649,579942915356.254,1159991075630.1,GADL_T_G14_XDC,A|RW|S1311B|W0|S1|G33|F|_Z|_Z|XDC|_T|_X,
Samoa,862,Net incurrence of liabilities,G33,Budgetary central government,S1311B,Domestic currency,XDC,Total,W0|S1,Total financial assets/liabilities ,F,Value,,,,,,,,,,,,,,,,,,,,,,,,,,,,,,,,,,,,,,,137485754.6,90634713.9,126636758.319236,83072574.9466036,88297114.4434182,40412209.067503,-834652.354765374,-6771321.66200468,17797586.2409899,-53130771.8019862,,GADL_T_G14_XDC,A|WS|S1311B|W0|S1|G33|F|_Z|_Z|XDC|_T|_X,
"San Marino, Rep. of",135,Net incurrence of liabilities,G33,Budgetary central government,S1311B,Domestic currency,XDC,Total,W0|S1,Total financial assets/liabilities ,F,Value,,,,,,,,,,,,,,,,,,,,,,,,-100000000,,,,,,,34864658.1,39363543,91330804.6,133367143.93,163405914.27,57415837,,,,,,,,,,,,,,GADL_T_G14_XDC,A|SM|S1311B|W0|S1|G33|F|_Z|_Z|XDC|_T|_X,
"SÃ£o TomÃ© and PrÃ­ncipe, Dem. Rep. of",716,Net incurrence of liabilities,G33,Budgetary central government,S1311B,Domestic currency,XDC,Total,W0|S1,Total financial assets/liabilities ,F,Value,,,,,,,,,,,,,,,,,,,,,,,,,,,,,,,,,,,,,,,,507933453.36577,644683000,29349613.9875937,258667294.474122,1348695652.89002,696726861.7,721223621.873357,158222440.506568,,,GADL_T_G14_XDC,A|ST|S1311B|W0|S1|G33|F|_Z|_Z|XDC|_T|_X,
Saudi Arabia,456,Net incurrence of liabilities,G33,Budgetary central government,S1311B,Domestic currency,XDC,Total,W0|S1,Total financial assets/liabilities ,F,Value,,,,,,,,,,,,,,,,,,,,,,,,,,,,,,,,,,,,,,,,,,,,,174320000000,126673000000,111977000000,117845000000,,GADL_T_G14_XDC,A|SA|S1311B|W0|S1|G33|F|_Z|_Z|XDC|_T|_X,
Senegal,722,Net incurrence of liabilities,G33,Budgetary central government,S1311B,Domestic currency,XDC,Total,W0|S1,Total financial assets/liabilities ,F,Value,,,,,,,,,,,,,,,,,,,,,,,,,,,,-2600000000.00001,25700000000,100800000000,,,,,,,,324700000000,266970163179.512,624300000000,435300000000,,455020432893.342,298909283223.966,443818566065.669,551290968019.118,910138557548.354,,,GADL_T_G14_XDC,A|SN|S1311B|W0|S1|G33|F|_Z|_Z|XDC|_T|_X,
"Serbia, Rep. of",942,Net incurrence of liabilities,G33,Budgetary central government,S1311B,Domestic currency,XDC,Total,W0|S1,Total financial assets/liabilities ,F,Value,,,,,,,,,,,,,,,,,,,,,,,,,,,,,,,,,,,,-32719400000,-27079900000,113298400000,92956295000,178958638000,242469000000,,,,,,,,,GADL_T_G14_XDC,A|RS|S1311B|W0|S1|G33|F|_Z|_Z|XDC|_T|_X,
Seychelles,718,Net incurrence of liabilities,G33,Budgetary central government,S1311B,Domestic currency,XDC,Total,W0|S1,Total financial assets/liabilities ,F,Value,,,,,,,,,,,,,,,,,,,,,,168100000,301500000,-127100000,447000000,-303600000,737600000,,,,,,,-251349416,356400000,396463329,-112030728,-905967490.15,1733404216.57,-301571376.91,720938841.1,-312159578,805734453.99,346863290,542364256.35001,-173361067.94,99909700,,,GADL_T_G14_XDC,A|SC|S1311B|W0|S1|G33|F|_Z|_Z|XDC|_T|_X,
Sierra Leone,724,Net incurrence of liabilities,G33,Budgetary central government,S1311B,Domestic currency,XDC,Total,W0|S1,Total financial assets/liabilities ,F,Value,,,,,,,,,,,,,,,,,,,,,,,,,,,,,,,,,,,,,,,607886000000,425346000000,870500000000,525358000000,866625000000,1066480000000,1462056700000,2179062000000,1909598000000,,,GADL_T_G14_XDC,A|SL|S1311B|W0|S1|G33|F|_Z|_Z|XDC|_T|_X,
Singapore,576,Net incurrence of liabilities,G33,Budgetary central government,S1311B,Domestic currency,XDC,Total,W0|S1,Total financial assets/liabilities ,F,Value,,,,,,,,,,,,,,,,,,,8591000000,7199000000,7103000000,7165000000,3147000000,12304000000,10680000000,10581000000,26093000000,14968000000,12736000000,11896000000,10321000000,12123000000,16781000000,11933000000,8962000000,32955000000,20422000000,36283000000,31330700000,36461000000,29456700000,-14898700000,14651700000,40114800000,43201323953.5699,37527700000,44821993366.83,94168574613.95,,GADL_T_G14_XDC,A|SG|S1311B|W0|S1|G33|F|_Z|_Z|XDC|_T|_X,
"Slovenia, Rep. of",961,Net incurrence of liabilities,G33,Budgetary central government,S1311B,Domestic currency,XDC,Total,W0|S1,Total financial assets/liabilities ,F,Value,,,,,,,,,,,,,,,,,,,,,,21699215.4899015,-8763144.71707561,,,,,,,,,,,,,,,,,,,,,,,,,,,GADL_T_G14_XDC,A|SI|S1311B|W0|S1|G33|F|_Z|_Z|XDC|_T|_X,
Solomon Islands,813,Net incurrence of liabilities,G33,Budgetary central government,S1311B,Domestic currency,XDC,Total,W0|S1,Total financial assets/liabilities ,F,Value,,,,,,,,,,,,,,,,,,,,,,,,,,,,,,,,,,,,,,,,2510136.35999998,-20816821.8999999,-82516237.7512837,-78456541.945,-175352465.376357,-56959632.4,230762199.197044,24179466.6,37482546.9400002,421535148.2,GADL_T_G14_XDC,A|SB|S1311B|W0|S1|G33|F|_Z|_Z|XDC|_T|_X,
Somalia,726,Net incurrence of liabilities,G33,Budgetary central government,S1311B,Domestic currency,XDC,Total,W0|S1,Total financial assets/liabilities ,F,Value,,,,,,,,,,,,,,,,,,,,,,,,,,,,,,,,,,,,,,,,,,,,,,0,0,0,,GADL_T_G14_XDC,A|SO|S1311B|W0|S1|G33|F|_Z|_Z|XDC|_T|_X,
South Africa,199,Net incurrence of liabilities,G33,Budgetary central government,S1311B,Domestic currency,XDC,Total,W0|S1,Total financial assets/liabilities ,F,Value,,,,,,,,,,,,,,,,,,,10660000000,14032000000,28715000000,38615000000,26865000000,30066000000,23700000000,23186000000,19371000000,15233000000,13931200000,12852000000,13294000000,35318800000,44469000000,35667000000,6166000000,-455000000,44304000000,205396000000,188610467000,125187000000,138963051000,181487609997.4,183486363000,158133727000,204665216000,244311094177.367,236164547609.401,349714666115.022,,GADL_T_G14_XDC,A|ZA|S1311B|W0|S1|G33|F|_Z|_Z|XDC|_T|_X,
Spain,184,Net incurrence of liabilities,G33,Budgetary central government,S1311B,Domestic currency,XDC,Total,W0|S1,Total financial assets/liabilities ,F,Value,,,,,,,,,,,,,,,,,,,16372170735.5186,10423352926.3279,15241666967.1727,40722777156.7319,18646400538.5068,27564797687.3718,31413941968.639,9683438320.78282,12941432507.9655,12944168399.6797,12073242213.6808,-1178981402.7949,8974908456.74542,-210700803.469813,13606094772.9781,2513716770.73404,-1628879090.52052,-6033067740.0199,53750219555.8777,130896789257.475,65669687559.3701,71385447048.794,205963568792.983,105113985144.428,81236100641.5814,47923851224.8052,26494721398.2586,53606634514.4953,41815564011.0313,24245969346.7201,,GADL_T_G14_XDC,A|ES|S1311B|W0|S1|G33|F|_Z|_Z|XDC|_T|_X,
Sri Lanka,524,Net incurrence of liabilities,G33,Budgetary central government,S1311B,Domestic currency,XDC,Total,W0|S1,Total financial assets/liabilities ,F,Value,,,,,,,,,,,,,,,,,,,29857000000,39536000000,16988000000,28449000000,53472000000,55617000000,61409000000,44027000000,76456000000,76736000000,120175000000,152429000000,112433000000,124995000000,157629000000,179035000000,212562000000,251431400000,297983000000,477531000000,460451000000,472289000000,484357000000,516090000000,604916114533.167,833906447021.39,631942263185.41,752368379144.54,806712096769.85,1011338792105.76,,GADL_T_G14_XDC,A|LK|S1311B|W0|S1|G33|F|_Z|_Z|XDC|_T|_X,
St. Kitts and Nevis,361,Net incurrence of liabilities,G33,Budgetary central government,S1311B,Domestic currency,XDC,Total,W0|S1,Total financial assets/liabilities ,F,Value,,,,,,,,,,,,,,,,,,,,,,,,,,,,,126500000,139900000,66962087,56739474,170194577,231381251,54882043,39149124,-5992433.9,68595374.8,41757783.6,,,,,,,,,,,GADL_T_G14_XDC,A|KN|S1311B|W0|S1|G33|F|_Z|_Z|XDC|_T|_X,
St. Lucia,362,Net incurrence of liabilities,G33,Budgetary central government,S1311B,Domestic currency,XDC,Total,W0|S1,Total financial assets/liabilities ,F,Value,,,,,,,,,,,,,,,,,,,,,,,,,,,,,2138277.00000001,83121039,225041392,231045569,23010003,139420961,150996944,112020071,47351144,14926525,-23242938,,,,,,,,,,,GADL_T_G14_XDC,A|LC|S1311B|W0|S1|G33|F|_Z|_Z|XDC|_T|_X,
St. Vincent and the Grenadines,364,Net incurrence of liabilities,G33,Budgetary central government,S1311B,Domestic currency,XDC,Total,W0|S1,Total financial assets/liabilities ,F,Value,,,,,,,,,,,,,,,,,,,,,,,,,,,,,15705278,12733264,66962087,56623061,170194577,231380251,54882205,39290537,33612687,65994623,,,,,,,,,,,,GADL_T_G14_XDC,A|VC|S1311B|W0|S1|G33|F|_Z|_Z|XDC|_T|_X,
Suriname,366,Net incurrence of liabilities,G33,Budgetary central government,S1311B,Domestic currency,XDC,Total,W0|S1,Total financial assets/liabilities ,F,Value,,,,,,,,,,,,,,,,,,,,,,,,,,,,,,33659536,147449573,2677352,18881786,56040394.0500001,-87234262.9999998,-460876500,-159571338.000001,220948581,202818195.48,284516388,443470584,,,,,,,,,GADL_T_G14_XDC,A|SR|S1311B|W0|S1|G33|F|_Z|_Z|XDC|_T|_X,
"Tajikistan, Rep. of",923,Net incurrence of liabilities,G33,Budgetary central government,S1311B,Domestic currency,XDC,Total,W0|S1,Total financial assets/liabilities ,F,Value,,,,,,,,,,,,,,,,,,,,,,,,,,,24025000,21474000,608000,-1477000,,,,,,,,,,,,,,,,,,,,GADL_T_G14_XDC,A|TJ|S1311B|W0|S1|G33|F|_Z|_Z|XDC|_T|_X,
"Tanzania, United Rep. of",738,Net incurrence of liabilities,G33,Budgetary central government,S1311B,Domestic currency,XDC,Total,W0|S1,Total financial assets/liabilities ,F,Value,,,,,,,,,,,,,,,,,,,,,,,,,,,,,,,,,,,,,,2973382403000,2973382403000,3937811927000,2065358594000,3630589019000,3263100000000,5069836818000,3565790800931.41,387651664779.36,2091793748018.67,,,GADL_T_G14_XDC,A|TZ|S1311B|W0|S1|G33|F|_Z|_Z|XDC|_T|_X,
Thailand,578,Net incurrence of liabilities,G33,Budgetary central government,S1311B,Domestic currency,XDC,Total,W0|S1,Total financial assets/liabilities ,F,Value,,,,,,,,,,,,,,,,,,,-27335000000,-66259000000,-27697000000,-44083000000,-45187000000,-31292000000,-12058000000,4655000000,253713000000,436113000000,145841000000,123523000000,375705270000,7272400000.00001,176972907134.65,-37617733014.33,114102660000,83659310000,110747490000,424402550000,320969120000,276074420785,333506181000,238416930000,152747170000,116878700000.001,265433880000,390108311447.57,444584863313.89,171934956942.361,,GADL_T_G14_XDC,A|TH|S1311B|W0|S1|G33|F|_Z|_Z|XDC|_T|_X,
"Timor-Leste, Dem. Rep. of",537,Net incurrence of liabilities,G33,Budgetary central government,S1311B,Domestic currency,XDC,Total,W0|S1,Total financial assets/liabilities ,F,Value,,,,,,,,,,,,,,,,,,,,,,,,,,,,,,,,,,,,,,,,,,0,3000000,0,31647852.32,32095674.75,40595095.3,48510586.2555494,,GADL_T_G14_XDC,A|TL|S1311B|W0|S1|G33|F|_Z|_Z|XDC|_T|_X,
Togo,742,Net incurrence of liabilities,G33,Budgetary central government,S1311B,Domestic currency,XDC,Total,W0|S1,Total financial assets/liabilities ,F,Value,,,,,,,,,,,,,,,,,,,,,,,,,,,,,,,,,,,36838061699,-11082042117.58,34752000313.89,25379771207,-12154361640,54510000000,120903843015.926,25718288303,75679296649.2221,164300182026.333,190832561693.711,-1852193646.17756,26391998303.1771,-5643350195.07249,,GADL_T_G14_XDC,A|TG|S1311B|W0|S1|G33|F|_Z|_Z|XDC|_T|_X,
Tonga,866,Net incurrence of liabilities,G33,Budgetary central government,S1311B,Domestic currency,XDC,Total,W0|S1,Total financial assets/liabilities ,F,Value,,,,,,,,,,,,,,,,,,,,,,,,,,,,,,,,,,,,,,,,,,-5784726.83,-6539230.26,8835444.03,13941422.67,9332371.66,-5412870.61,-13410921.5,,GADL_T_G14_XDC,A|TO|S1311B|W0|S1|G33|F|_Z|_Z|XDC|_T|_X,
Tunisia,744,Net incurrence of liabilities,G33,Budgetary central government,S1311B,Domestic currency,XDC,Total,W0|S1,Total financial assets/liabilities ,F,Value,,,,,,,,,,,,,,,,,,,270100000,263300000,181800000,253100000,129400000,320300000,436500000,292400000,-316600000,-156300000,109300000,1331700000,461200000,1030000000,538300000,237800000,-566700000,-302000000,-493700000,125100000,141300000,1314200000,1912900000,,,,,,,,,GADL_T_G14_XDC,A|TN|S1311B|W0|S1|G33|F|_Z|_Z|XDC|_T|_X,
Turkey,186,Net incurrence of liabilities,G33,Budgetary central government,S1311B,Domestic currency,XDC,Total,W0|S1,Total financial assets/liabilities ,F,Value,,,,,,,,,,,,,,,,,,,,,,,,,,,,,,,,,,,12569540879.46,8361854410.04006,19219590767.0922,64622327315.2338,34808553868.6685,24986865189.9364,29856406238.4257,25518571837.8369,25197829809.3814,37263491638.9845,63214843270.0503,109727406342.522,105727521259.659,219373664600,378332113941.826,GADL_T_G14_XDC,A|TR|S1311B|W0|S1|G33|F|_Z|_Z|XDC|_T|_X,
Uganda,746,Net incurrence of liabilities,G33,Budgetary central government,S1311B,Domestic currency,XDC,Total,W0|S1,Total financial assets/liabilities ,F,Value,,,,,,,,,,,,,,,,,,,,,,,,,,,,79548130334.8,239147806108,252038225908.838,627351511200,550275938670,227549236198.529,322857848112.686,565039025180.162,722940138560.736,753835649811.196,1027522290169.85,1790107653692.14,3348596346010.28,3688600000000,,-1936336493711.73,1316328015308.47,4271599871258.52,3337619557373.86,3563743764629.89,4082432346959.93,,GADL_T_G14_XDC,A|UG|S1311B|W0|S1|G33|F|_Z|_Z|XDC|_T|_X,
Ukraine,926,Net incurrence of liabilities,G33,Budgetary central government,S1311B,Domestic currency,XDC,Total,W0|S1,Total financial assets/liabilities ,F,Value,,,,,,,,,,,,,,,,,,,,,,,,,,,,2644000000,1939700000,3224100000,-1320000.00000005,1953100000,10641100000,20218200000,2576500000,6487500000,29630900000,90464800000,98693830000,46507400000,36795280000,81038813054,201833600000,109841800000,173277600000,127670500000,48465300000,74835800000,,GADL_T_G14_XDC,A|UA|S1311B|W0|S1|G33|F|_Z|_Z|XDC|_T|_X,
United Arab Emirates,466,Net incurrence of liabilities,G33,Budgetary central government,S1311B,Domestic currency,XDC,Total,W0|S1,Total financial assets/liabilities ,F,Value,,,,,,,,,,,,,,,,,,,,,,,,,,,,,,,,,,,,,,,,-6750729359.31,-20761081285.73,-34954412076,-3784676966.46,774524852.76095,-28042076.8291634,1064293434.35039,518965583.709962,-5032583028,,GADL_T_G14_XDC,A|AE|S1311B|W0|S1|G33|F|_Z|_Z|XDC|_T|_X,
United Kingdom,112,Net incurrence of liabilities,G33,Budgetary central government,S1311B,Domestic currency,XDC,Total,W0|S1,Total financial assets/liabilities ,F,Value,,,,,,,,,,,,,,,,,,,,,,,,42218000000,26647000000,17101000000,-2402000000,-389000000,14920000000,-18662000000,18127000000,39635000000,41920000000,47897000000,45907000000,45972000000,146199000000,211926000000,153095000000,136503000000,145429000000,73913000000,106108000000,75937000000,78387000000,58240000000,56126000000,64495000000,,GADL_T_G14_XDC,A|GB|S1311B|W0|S1|G33|F|_Z|_Z|XDC|_T|_X,
Uruguay,298,Net incurrence of liabilities,G33,Budgetary central government,S1311B,Domestic currency,XDC,Total,W0|S1,Total financial assets/liabilities ,F,Value,,,,,,,,,,,,,,,,,,,,,,,,,,,,,,-13110913377.5141,57391338294.8368,5467500973.68627,4921386876.69897,16636464028.593,-6587232783.66897,21737611010.8328,1249162023.66748,,,,,,,,,,,,,GADL_T_G14_XDC,A|UY|S1311B|W0|S1|G33|F|_Z|_Z|XDC|_T|_X,
"Uzbekistan, Rep. of",927,Net incurrence of liabilities,G33,Budgetary central government,S1311B,Domestic currency,XDC,Total,W0|S1,Total financial assets/liabilities ,F,Value,,,,,,,,,,,,,,,,,,,,,,,,,,,,,,,,,,,,,,,,-227552900000,-211655300000,-203753000000,-297990566700,-205926993100,-221408536800,-403250129900,-748467811000,-891667131900,,GADL_T_G14_XDC,A|UZ|S1311B|W0|S1|G33|F|_Z|_Z|XDC|_T|_X,
Vanuatu,846,Net incurrence of liabilities,G33,Budgetary central government,S1311B,Domestic currency,XDC,Total,W0|S1,Total financial assets/liabilities ,F,Value,,,,,,,,,,,,,,,,,,,704700000,,,,,,,,,,,,,,,,,,,663900000,1063800000,1100200000,1052335000,-158800000,-310000000,-525631000,894746000,-441700000,-3079510641,4266923594.81362,,GADL_T_G14_XDC,A|VU|S1311B|W0|S1|G33|F|_Z|_Z|XDC|_T|_X,
Vietnam,582,Net incurrence of liabilities,G33,Budgetary central government,S1311B,Domestic currency,XDC,Total,W0|S1,Total financial assets/liabilities ,F,Value,,,,,,,,,,,,,,,,,,,,,,,2530000000000,1219000000000,502000000000,5397000000000,454000000000,6328000000000,,12142000000000,10018000000000,,,,,,,,,,,,,,,,,,,GADL_T_G14_XDC,A|VN|S1311B|W0|S1|G33|F|_Z|_Z|XDC|_T|_X,
West Bank and Gaza,487,Net incurrence of liabilities,G33,Budgetary central government,S1311B,Domestic currency,XDC,Total,W0|S1,Total financial assets/liabilities ,F,Value,,,,,,,,,,,,,,,,,,,,,,,,,,,,,,,,,,374963162,910620000,-78000000,-26729694.3,445906415.477,294300000,752242020.949861,893480865.271559,253367403.2,410011365.92,335471530.99,354306349.07,284153838.782221,113396966.394124,,,GADL_T_G14_XDC,A|PS|S1311B|W0|S1|G33|F|_Z|_Z|XDC|_T|_X,
Zambia,754,Net incurrence of liabilities,G33,Budgetary central government,S1311B,Domestic currency,XDC,Total,W0|S1,Total financial assets/liabilities ,F,Value,,,,,,,,,,,,,,,,,,,8902100,86172900,34645900,101312100,701700000,,,,,,,,,,,,,,,,2699091350.09,4285030567.04233,14220552335.9911,5674061267.05,11205373069.27,21358284490.87,9737137053.95,27135747294.31,17238074138.24,21755440819.17,,GADL_T_G14_XDC,A|ZM|S1311B|W0|S1|G33|F|_Z|_Z|XDC|_T|_X,
Zimbabwe,698,Net incurrence of liabilities,G33,Budgetary central government,S1311B,Domestic currency,XDC,Total,W0|S1,Total financial assets/liabilities ,F,Value,,,,,,,,,,,,,,,,,,,,,,,,,,,,,,,,,,,,,,,,,,,,1079350543,2119324907.33,2819526527,2140402507,,,GADL_T_G14_XDC,A|ZW|S1311B|W0|S1|G33|F|_Z|_Z|XDC|_T|_X,
